-- MySQL dump 10.13  Distrib 5.7.31, for Linux (x86_64)
--
-- Host: localhost    Database: the_mentor
-- ------------------------------------------------------
-- Server version	5.7.31

/*!40101 SET @OLD_CHARACTER_SET_CLIENT=@@CHARACTER_SET_CLIENT */;
/*!40101 SET @OLD_CHARACTER_SET_RESULTS=@@CHARACTER_SET_RESULTS */;
/*!40101 SET @OLD_COLLATION_CONNECTION=@@COLLATION_CONNECTION */;
/*!40101 SET NAMES utf8 */;
/*!40103 SET @OLD_TIME_ZONE=@@TIME_ZONE */;
/*!40103 SET TIME_ZONE='+00:00' */;
/*!40014 SET @OLD_UNIQUE_CHECKS=@@UNIQUE_CHECKS, UNIQUE_CHECKS=0 */;
/*!40014 SET @OLD_FOREIGN_KEY_CHECKS=@@FOREIGN_KEY_CHECKS, FOREIGN_KEY_CHECKS=0 */;
/*!40101 SET @OLD_SQL_MODE=@@SQL_MODE, SQL_MODE='NO_AUTO_VALUE_ON_ZERO' */;
/*!40111 SET @OLD_SQL_NOTES=@@SQL_NOTES, SQL_NOTES=0 */;

--
-- Table structure for table `hashtag`
--

DROP TABLE IF EXISTS `hashtag`;
/*!40101 SET @saved_cs_client     = @@character_set_client */;
/*!40101 SET character_set_client = utf8 */;
CREATE TABLE `hashtag` (
  `id` varchar(255) NOT NULL,
  `content` varchar(255) NOT NULL,
  PRIMARY KEY (`id`),
  UNIQUE KEY `id` (`id`)
) ENGINE=InnoDB DEFAULT CHARSET=utf8mb4;
/*!40101 SET character_set_client = @saved_cs_client */;

--
-- Table structure for table `heart`
--

DROP TABLE IF EXISTS `heart`;
/*!40101 SET @saved_cs_client     = @@character_set_client */;
/*!40101 SET character_set_client = utf8 */;
CREATE TABLE `heart` (
  `id` varchar(255) NOT NULL,
  `user_id` varchar(255) NOT NULL,
  `timestamp` datetime NOT NULL,
  `used` tinyint(1) NOT NULL,
  PRIMARY KEY (`id`),
  UNIQUE KEY `id` (`id`),
  KEY `user_id` (`user_id`),
  CONSTRAINT `heart_ibfk_1` FOREIGN KEY (`user_id`) REFERENCES `user` (`id`)
) ENGINE=InnoDB DEFAULT CHARSET=utf8mb4;
/*!40101 SET character_set_client = @saved_cs_client */;

--
-- Table structure for table `match`
--

DROP TABLE IF EXISTS `match`;
/*!40101 SET @saved_cs_client     = @@character_set_client */;
/*!40101 SET character_set_client = utf8 */;
CREATE TABLE `match` (
  `id` varchar(255) NOT NULL,
  `heart_id` varchar(255) NOT NULL,
  `student_id` varchar(255) NOT NULL,
  `mentor_id` varchar(255) NOT NULL,
  `timestamp` datetime NOT NULL,
  `fulfilled` tinyint(1) NOT NULL,
  PRIMARY KEY (`id`),
  UNIQUE KEY `id` (`id`),
  KEY `student_id` (`student_id`),
  KEY `mentor_id` (`mentor_id`),
  KEY `heart_id` (`heart_id`),
  CONSTRAINT `match_ibfk_1` FOREIGN KEY (`student_id`) REFERENCES `user` (`id`),
  CONSTRAINT `match_ibfk_2` FOREIGN KEY (`mentor_id`) REFERENCES `user` (`id`),
  CONSTRAINT `match_ibfk_3` FOREIGN KEY (`heart_id`) REFERENCES `heart` (`id`)
) ENGINE=InnoDB DEFAULT CHARSET=utf8mb4;
/*!40101 SET character_set_client = @saved_cs_client */;

--
-- Table structure for table `mock_class_request`
--

DROP TABLE IF EXISTS `mock_class_request`;
/*!40101 SET @saved_cs_client     = @@character_set_client */;
/*!40101 SET character_set_client = utf8 */;
CREATE TABLE `mock_class_request` (
  `match_id` varchar(255) NOT NULL,
  `timestamp` datetime NOT NULL,
  `fulfilled` tinyint(1) NOT NULL,
  KEY `match_id` (`match_id`),
  CONSTRAINT `mock_class_request_ibfk_1` FOREIGN KEY (`match_id`) REFERENCES `match` (`id`)
) ENGINE=InnoDB DEFAULT CHARSET=utf8mb4;
/*!40101 SET character_set_client = @saved_cs_client */;

--
-- Table structure for table `unlocked_profile`
--

DROP TABLE IF EXISTS `unlocked_profile`;
/*!40101 SET @saved_cs_client     = @@character_set_client */;
/*!40101 SET character_set_client = utf8 */;
CREATE TABLE `unlocked_profile` (
  `heart_id` varchar(255) NOT NULL,
  `student_id` varchar(255) NOT NULL,
  `mentor_id` varchar(255) NOT NULL,
  `timestamp` datetime NOT NULL,
  KEY `student_id` (`student_id`),
  KEY `mentor_id` (`mentor_id`),
  KEY `heart_id` (`heart_id`),
  CONSTRAINT `unlocked_profile_ibfk_1` FOREIGN KEY (`student_id`) REFERENCES `user` (`id`),
  CONSTRAINT `unlocked_profile_ibfk_2` FOREIGN KEY (`mentor_id`) REFERENCES `user` (`id`),
  CONSTRAINT `unlocked_profile_ibfk_3` FOREIGN KEY (`heart_id`) REFERENCES `heart` (`id`)
) ENGINE=InnoDB DEFAULT CHARSET=utf8mb4;
/*!40101 SET character_set_client = @saved_cs_client */;

--
-- Table structure for table `user`
--

DROP TABLE IF EXISTS `user`;
/*!40101 SET @saved_cs_client     = @@character_set_client */;
/*!40101 SET character_set_client = utf8 */;
CREATE TABLE `user` (
  `id` varchar(255) NOT NULL,
  `password` varchar(255) NOT NULL,
  `email` varchar(255) NOT NULL,
  `name` varchar(255) NOT NULL,
  `userType` enum('student','mentor','admin') NOT NULL,
  `phone` varchar(255) NOT NULL,
  `birthday` DATE NOT NULL,
  `location` varchar(255) NOT NULL,
  `data` json NOT NULL,
  PRIMARY KEY (`id`),
  UNIQUE KEY `id` (`id`)
) ENGINE=InnoDB DEFAULT CHARSET=utf8mb4;
/*!40101 SET character_set_client = @saved_cs_client */;

--
-- Table structure for table `user_hashtag`
--

DROP TABLE IF EXISTS `user_hashtag`;
/*!40101 SET @saved_cs_client     = @@character_set_client */;
/*!40101 SET character_set_client = utf8 */;
CREATE TABLE `user_hashtag` (
  `id` varchar(255) NOT NULL,
  `user_id` varchar(255) NOT NULL,
  `hashtag_id` varchar(255) NOT NULL,
  `userType` enum('student','mentor','admin') NOT NULL,
  PRIMARY KEY (`id`),
  UNIQUE KEY `id` (`id`),
  KEY `user_id` (`user_id`),
  KEY `hashtag_id` (`hashtag_id`),
  CONSTRAINT `user_hashtag_ibfk_1` FOREIGN KEY (`user_id`) REFERENCES `user` (`id`),
  CONSTRAINT `user_hashtag_ibfk_2` FOREIGN KEY (`hashtag_id`) REFERENCES `hashtag` (`id`)
) ENGINE=InnoDB DEFAULT CHARSET=utf8mb4;
/*!40101 SET character_set_client = @saved_cs_client */;
/*!40103 SET TIME_ZONE=@OLD_TIME_ZONE */;

/*!40101 SET SQL_MODE=@OLD_SQL_MODE */;
/*!40014 SET FOREIGN_KEY_CHECKS=@OLD_FOREIGN_KEY_CHECKS */;
/*!40014 SET UNIQUE_CHECKS=@OLD_UNIQUE_CHECKS */;
/*!40101 SET CHARACTER_SET_CLIENT=@OLD_CHARACTER_SET_CLIENT */;
/*!40101 SET CHARACTER_SET_RESULTS=@OLD_CHARACTER_SET_RESULTS */;
/*!40101 SET COLLATION_CONNECTION=@OLD_COLLATION_CONNECTION */;
/*!40111 SET SQL_NOTES=@OLD_SQL_NOTES */;

-- Dump completed on 2020-10-14  5:53:38




INSERT INTO `hashtag` (`id`, `content`) VALUES ('02c4cd8c-1627-3d7e-bda4-bf5c246b242c', 'fugiat');
INSERT INTO `hashtag` (`id`, `content`) VALUES ('052c94ef-75b0-3c74-8d8a-a05d619467de', 'libero');
INSERT INTO `hashtag` (`id`, `content`) VALUES ('089e371d-d9e9-3025-a7c8-3665e4490c0a', 'odio');
INSERT INTO `hashtag` (`id`, `content`) VALUES ('0fb41ee0-7012-3777-b831-5e1d436d754c', 'dolor');
INSERT INTO `hashtag` (`id`, `content`) VALUES ('1926ce25-c2d4-345d-85ed-1010c78b8ad6', 'dicta');
INSERT INTO `hashtag` (`id`, `content`) VALUES ('19863a4a-689f-35cd-a73b-ab447c3d38f6', 'accusantium');
INSERT INTO `hashtag` (`id`, `content`) VALUES ('1c77b32c-b8cb-3c55-8a2a-f8d69ae5480c', 'fugit');
INSERT INTO `hashtag` (`id`, `content`) VALUES ('1cd90b53-0ad3-3f45-bba9-32b6bc82e4e7', 'natus');
INSERT INTO `hashtag` (`id`, `content`) VALUES ('1e012295-f9b6-3777-84df-407bb10557e3', 'commodi');
INSERT INTO `hashtag` (`id`, `content`) VALUES ('1fee103d-58d9-34b5-bac9-614fea38b8a9', 'non');
INSERT INTO `hashtag` (`id`, `content`) VALUES ('209546ae-bcb8-3302-a57f-0838963a32e0', 'eius');
INSERT INTO `hashtag` (`id`, `content`) VALUES ('292dc555-3b38-35db-93eb-943ef6b34659', 'reiciendis');
INSERT INTO `hashtag` (`id`, `content`) VALUES ('29e9c889-6f2f-3a11-9982-7c399adb0dbd', 'quo');
INSERT INTO `hashtag` (`id`, `content`) VALUES ('2ca23f7c-51d8-31b2-9708-073aebb22ae2', 'reprehenderit');
INSERT INTO `hashtag` (`id`, `content`) VALUES ('2d8b4e4f-f374-33c8-98d5-ec70e5a501f7', 'maxime');
INSERT INTO `hashtag` (`id`, `content`) VALUES ('30ab90db-dc44-32ab-bf05-a5e648cb56bf', 'iste');
INSERT INTO `hashtag` (`id`, `content`) VALUES ('3122c705-f37d-3c59-9f95-a1e39ca685b6', 'sed');
INSERT INTO `hashtag` (`id`, `content`) VALUES ('32a4e9fb-4a8f-3a94-82ce-5d4841bb9b15', 'sit');
INSERT INTO `hashtag` (`id`, `content`) VALUES ('3384669c-f3c2-3263-b175-01701c61890e', 'impedit');
INSERT INTO `hashtag` (`id`, `content`) VALUES ('33e1a0b6-8ac3-302a-9d6f-10266f8536e8', 'odit');
INSERT INTO `hashtag` (`id`, `content`) VALUES ('355e07e9-a47c-305b-8bbb-af194c2dd2d3', 'in');
INSERT INTO `hashtag` (`id`, `content`) VALUES ('35601005-6117-31f6-b96e-a70dcbd45378', 'nihil');
INSERT INTO `hashtag` (`id`, `content`) VALUES ('370b1a72-2571-3708-8ec0-71db7487e59a', 'ea');
INSERT INTO `hashtag` (`id`, `content`) VALUES ('3882932c-1b81-3821-9053-c34d7da5507a', 'iste');
INSERT INTO `hashtag` (`id`, `content`) VALUES ('3884f4fa-c560-3a7e-8177-6d95afddbdc4', 'architecto');
INSERT INTO `hashtag` (`id`, `content`) VALUES ('3b2e7e4e-1328-3a11-983c-e75db72627e9', 'molestiae');
INSERT INTO `hashtag` (`id`, `content`) VALUES ('3e616353-8655-3bb6-b3b5-1be7a6ba8e95', 'rerum');
INSERT INTO `hashtag` (`id`, `content`) VALUES ('3ed0e162-845a-3794-be77-9c5cce067d4f', 'omnis');
INSERT INTO `hashtag` (`id`, `content`) VALUES ('3fece226-72ef-3d33-9cb3-beb28a062cca', 'quas');
INSERT INTO `hashtag` (`id`, `content`) VALUES ('416393f5-0daf-3eb0-9bd1-6ee422ff0e91', 'dolorum');
INSERT INTO `hashtag` (`id`, `content`) VALUES ('44601704-fd08-3739-9f16-c6b9b7519354', 'repellendus');
INSERT INTO `hashtag` (`id`, `content`) VALUES ('46360ac4-06d6-3786-a05f-8084758b43e5', 'corrupti');
INSERT INTO `hashtag` (`id`, `content`) VALUES ('4e3ff5e1-21e5-3887-83d2-f2c354c3fd50', 'sed');
INSERT INTO `hashtag` (`id`, `content`) VALUES ('596d4329-38e9-3c56-bcce-53c627f19771', 'cumque');
INSERT INTO `hashtag` (`id`, `content`) VALUES ('5e7ae66b-3d2c-30b6-9c18-711dd7fd93ba', 'doloremque');
INSERT INTO `hashtag` (`id`, `content`) VALUES ('624bb698-9175-3381-a96b-3a0f3dac3bbf', 'laboriosam');
INSERT INTO `hashtag` (`id`, `content`) VALUES ('635e4119-3266-31a3-b4c0-feb8499bac5b', 'fuga');
INSERT INTO `hashtag` (`id`, `content`) VALUES ('645d8f07-95a3-3161-8fc3-b91ebfafce11', 'maiores');
INSERT INTO `hashtag` (`id`, `content`) VALUES ('64c93eb8-2e20-39b9-9873-020901f2af20', 'nobis');
INSERT INTO `hashtag` (`id`, `content`) VALUES ('6a0a04d1-9141-3909-b226-d52ab502f07d', 'fugit');
INSERT INTO `hashtag` (`id`, `content`) VALUES ('6c7a1ba5-388d-376b-b3c5-e7288b3280df', 'quia');
INSERT INTO `hashtag` (`id`, `content`) VALUES ('6cf581c8-d16f-341a-ad40-8f6a98992ad4', 'quisquam');
INSERT INTO `hashtag` (`id`, `content`) VALUES ('6f04fd15-e924-35c8-a1a4-9ccdaf12cb6e', 'porro');
INSERT INTO `hashtag` (`id`, `content`) VALUES ('6f50ab06-25d7-3e23-871a-83d52cc3d047', 'dolor');
INSERT INTO `hashtag` (`id`, `content`) VALUES ('6f7a24a1-bc86-3e4f-9a7b-5c240a33b795', 'ullam');
INSERT INTO `hashtag` (`id`, `content`) VALUES ('7007689f-a9d1-3dd1-b541-456d177e3dd0', 'repellat');
INSERT INTO `hashtag` (`id`, `content`) VALUES ('74161da8-2902-3ee6-8749-3dc9657ff84e', 'voluptatum');
INSERT INTO `hashtag` (`id`, `content`) VALUES ('74449775-f149-381b-9ea0-ce4bc7b3e9bb', 'tempore');
INSERT INTO `hashtag` (`id`, `content`) VALUES ('79151e24-d9dc-3b3c-9a7b-c30485dab222', 'sunt');
INSERT INTO `hashtag` (`id`, `content`) VALUES ('79e276ed-49eb-3cb2-b070-0b5996ed121f', 'id');
INSERT INTO `hashtag` (`id`, `content`) VALUES ('82b42a63-5a19-3c2c-a3dc-1c1c703a4b89', 'eos');
INSERT INTO `hashtag` (`id`, `content`) VALUES ('84065fb0-a410-31a9-9301-5865bb235b99', 'quis');
INSERT INTO `hashtag` (`id`, `content`) VALUES ('847fc143-c3e0-3592-ba9b-b0fbbf838411', 'est');
INSERT INTO `hashtag` (`id`, `content`) VALUES ('85942b08-9e2c-32b1-b647-b528fb172700', 'reprehenderit');
INSERT INTO `hashtag` (`id`, `content`) VALUES ('86ad52f7-0bb0-3a9a-8d7d-8806d155ad8f', 'voluptate');
INSERT INTO `hashtag` (`id`, `content`) VALUES ('882f01ec-f07c-33dd-9529-d7a28702339f', 'nostrum');
INSERT INTO `hashtag` (`id`, `content`) VALUES ('889a9f55-dcb4-3d66-8b9e-be07560f342e', 'illum');
INSERT INTO `hashtag` (`id`, `content`) VALUES ('89ea04ec-3c93-3303-a212-f3e811ba2b33', 'voluptatem');
INSERT INTO `hashtag` (`id`, `content`) VALUES ('8b16ac18-8dcd-3656-8138-fc1f47812332', 'non');
INSERT INTO `hashtag` (`id`, `content`) VALUES ('8b472b80-142d-3348-954e-01ec6acae794', 'eaque');
INSERT INTO `hashtag` (`id`, `content`) VALUES ('9280887a-9f14-3b1c-b579-80e2e2124025', 'ab');
INSERT INTO `hashtag` (`id`, `content`) VALUES ('95f900c6-4470-3cff-8d40-ac7bdeb46806', 'sapiente');
INSERT INTO `hashtag` (`id`, `content`) VALUES ('972154bd-d05d-304c-af59-406b3c0f17e1', 'rem');
INSERT INTO `hashtag` (`id`, `content`) VALUES ('9bbde536-ec04-3859-b3b7-3e5057712fc8', 'quia');
INSERT INTO `hashtag` (`id`, `content`) VALUES ('9d57b353-ba2f-3d1d-9cf7-efc1b2c21519', 'necessitatibus');
INSERT INTO `hashtag` (`id`, `content`) VALUES ('9d5d1ac1-c021-39d2-9ce1-3cea3d2dcf7e', 'ut');
INSERT INTO `hashtag` (`id`, `content`) VALUES ('9ea684d2-ec69-3b6e-91ec-10efeac75ff9', 'ut');
INSERT INTO `hashtag` (`id`, `content`) VALUES ('9f4cfcc1-bff4-34a1-ba8c-268b0bc1ffb2', 'nobis');
INSERT INTO `hashtag` (`id`, `content`) VALUES ('9f930468-c3c2-3d11-8b4b-fa0e385c9029', 'sed');
INSERT INTO `hashtag` (`id`, `content`) VALUES ('abd68efc-36c9-3715-8e1d-2c6a49c84d80', 'beatae');
INSERT INTO `hashtag` (`id`, `content`) VALUES ('aca3925f-9e3e-38cd-9199-f70321d44784', 'similique');
INSERT INTO `hashtag` (`id`, `content`) VALUES ('b2cc5483-0382-354c-a749-202c667b0627', 'et');
INSERT INTO `hashtag` (`id`, `content`) VALUES ('b2ce4417-9696-3a20-834d-394bcae42da4', 'quia');
INSERT INTO `hashtag` (`id`, `content`) VALUES ('b5277fcf-5643-3654-ac0d-d18efde3e460', 'vero');
INSERT INTO `hashtag` (`id`, `content`) VALUES ('b797170e-649b-3738-9c65-804bcab6c8d2', 'sit');
INSERT INTO `hashtag` (`id`, `content`) VALUES ('b86fd62b-8f9f-3611-9964-34378d04bb1a', 'omnis');
INSERT INTO `hashtag` (`id`, `content`) VALUES ('ba973f52-c75e-3e1d-9253-ad30755530be', 'impedit');
INSERT INTO `hashtag` (`id`, `content`) VALUES ('bf64ff98-b04f-358f-aaec-2320a34fa6fd', 'officiis');
INSERT INTO `hashtag` (`id`, `content`) VALUES ('c0af0d82-8179-3948-8d5a-249c1b9fe9ba', 'id');
INSERT INTO `hashtag` (`id`, `content`) VALUES ('c321c730-6d1f-3534-99e5-55a5ac70e1ed', 'dignissimos');
INSERT INTO `hashtag` (`id`, `content`) VALUES ('c4752c30-9129-3367-907c-b754b845e61d', 'amet');
INSERT INTO `hashtag` (`id`, `content`) VALUES ('c571bab5-0ee2-3693-881c-76b1650022b6', 'beatae');
INSERT INTO `hashtag` (`id`, `content`) VALUES ('cac27fbc-30ba-3189-be78-a79387e550cd', 'quibusdam');
INSERT INTO `hashtag` (`id`, `content`) VALUES ('d5a0daf3-f1d6-33af-87b3-6b20201b32d5', 'sit');
INSERT INTO `hashtag` (`id`, `content`) VALUES ('d8365102-b10d-3d5f-a78b-bf90faabac9e', 'laboriosam');
INSERT INTO `hashtag` (`id`, `content`) VALUES ('de0160c7-b8f3-317d-bd35-c34a0de6a22c', 'quas');
INSERT INTO `hashtag` (`id`, `content`) VALUES ('e308e619-e4b9-3692-8181-175b9edf6416', 'quo');
INSERT INTO `hashtag` (`id`, `content`) VALUES ('e42d7b05-c2df-345a-9173-40eb35761036', 'et');
INSERT INTO `hashtag` (`id`, `content`) VALUES ('e70abdbd-7d7d-38e2-9ae6-fd23336b10eb', 'porro');
INSERT INTO `hashtag` (`id`, `content`) VALUES ('e71e7b05-bda4-3eda-ba31-c64e6619ae6b', 'dolor');
INSERT INTO `hashtag` (`id`, `content`) VALUES ('e9f95d93-efe0-385e-892c-b97b7cfcbd0e', 'omnis');
INSERT INTO `hashtag` (`id`, `content`) VALUES ('eb4732d9-206f-35cd-8a1d-10984b889305', 'consequatur');
INSERT INTO `hashtag` (`id`, `content`) VALUES ('f2bced65-fef9-34db-aa17-a49fa4adb23f', 'voluptatem');
INSERT INTO `hashtag` (`id`, `content`) VALUES ('f4582264-ac36-3a82-9a0c-68a8491e495b', 'dolor');
INSERT INTO `hashtag` (`id`, `content`) VALUES ('f4c1154a-3750-3ed8-b8c4-958849ee96fd', 'eum');
INSERT INTO `hashtag` (`id`, `content`) VALUES ('f6dbb271-601c-3761-b63b-c1ee27d1997a', 'illum');
INSERT INTO `hashtag` (`id`, `content`) VALUES ('fa50c016-51e6-3841-a57e-31bf0b1f1952', 'eius');
INSERT INTO `hashtag` (`id`, `content`) VALUES ('fb65c7b3-5d60-3ad5-9eda-089e4a26e3df', 'voluptate');
INSERT INTO `hashtag` (`id`, `content`) VALUES ('fc130a12-c179-35b8-a4bb-9eb25af05cb0', 'molestiae');
INSERT INTO `hashtag` (`id`, `content`) VALUES ('fc139815-c01e-33e2-b204-c4fe3afd1f15', 'impedit');





INSERT INTO `user` (`id`, `password`, `email`, `name`, `userType`, `phone`, `birthday`, `location`, `data`) VALUES ('abernier', '76ec2e7d959d3a1c5fc4abcd12cde34439f2597c', 'ewiegand@example.com', 'est', 'mentor', '1-623-092-1194x8762', '1987-07-18', '593 Michelle Brooks Apt. 253\nGodfreymouth, ND 89317', '{}');
INSERT INTO `user` (`id`, `password`, `email`, `name`, `userType`, `phone`, `birthday`, `location`, `data`) VALUES ('adams.mary', '91fa207a8bc3ca8a38c046996eb45bf93d61ed2b', 'beer.erich@example.net', 'ipsum', 'mentor', '1-754-724-1056x741', '2016-07-29', '40858 Jakubowski Mall Suite 201\nJewelside, AZ 29125', '{}');
INSERT INTO `user` (`id`, `password`, `email`, `name`, `userType`, `phone`, `birthday`, `location`, `data`) VALUES ('amir.tremblay', '6366ad155827c4db6fb33577406e8d0494c31e4a', 'schowalter.cleora@example.net', 'numquam', 'admin', '(157)656-2035', '2014-11-15', '39076 Hansen Stream\nDelbertfurt, OK 19902', '{}');
INSERT INTO `user` (`id`, `password`, `email`, `name`, `userType`, `phone`, `birthday`, `location`, `data`) VALUES ('anastacio.cummings', '050a91ce0ecd59a68bba9bd653bf438d42e2bd87', 'kihn.giovanni@example.org', 'fugiat', 'mentor', '327-122-7214x90600', '1981-12-18', '6394 Ankunding View\nSouth Jewel, FL 21037-0716', '{}');
INSERT INTO `user` (`id`, `password`, `email`, `name`, `userType`, `phone`, `birthday`, `location`, `data`) VALUES ('anne57', '937e2ed1d7a96beaf0039789f912dedd170541f9', 'larry.nolan@example.com', 'aut', 'mentor', '413-906-1153x28414', '2000-12-02', '827 Ben Wall Suite 447\nLake Hanschester, PA 85845-9123', '{}');
INSERT INTO `user` (`id`, `password`, `email`, `name`, `userType`, `phone`, `birthday`, `location`, `data`) VALUES ('ara.miller', '1f86246c097e15d880df67f56f794d663a963a87', 'lowe.zora@example.net', 'quasi', 'mentor', '509.023.1564x5248', '1997-04-06', '19765 Ofelia Estate\nSchulistbury, VA 89200', '{}');
INSERT INTO `user` (`id`, `password`, `email`, `name`, `userType`, `phone`, `birthday`, `location`, `data`) VALUES ('arielle43', 'f4d17905360a37aec19a083879ce6f29e8b7d729', 'koch.daryl@example.com', 'maxime', 'mentor', '(235)918-7765', '2020-08-05', '99265 Okey Lights\nWest Leonelport, MS 18210', '{}');
INSERT INTO `user` (`id`, `password`, `email`, `name`, `userType`, `phone`, `birthday`, `location`, `data`) VALUES ('bartell.madaline', 'fca6377122c9f4d38250fab21e304c836d6b1409', 'camryn55@example.net', 'fugiat', 'student', '692.011.3667x22625', '2001-01-16', '8662 Gorczany Stream\nEast Donnyview, AL 11283', '{}');
INSERT INTO `user` (`id`, `password`, `email`, `name`, `userType`, `phone`, `birthday`, `location`, `data`) VALUES ('bartoletti.jovan', '05d88f3795474982b1373897d5fc84b200796372', 'callie30@example.net', 'adipisci', 'mentor', '587.007.0908x67570', '1981-09-07', '676 Landen Glens\nEast Ellachester, PA 69910-0773', '{}');
INSERT INTO `user` (`id`, `password`, `email`, `name`, `userType`, `phone`, `birthday`, `location`, `data`) VALUES ('bayer.brent', '12cdacc4d7063df7c480cd3043a41bf9e1342c32', 'o\'reilly.schuyler@example.net', 'officiis', 'mentor', '160.827.4657x19652', '2000-01-20', '34447 Casimer Summit Apt. 030\nMacejkovicborough, MT 78699', '{}');
INSERT INTO `user` (`id`, `password`, `email`, `name`, `userType`, `phone`, `birthday`, `location`, `data`) VALUES ('ben.mitchell', '685969da3bc15a10b735b354b96a74ae0599f1b5', 'vdaugherty@example.org', 'eaque', 'admin', '618-660-9108x862', '1977-03-12', '678 Windler Mountain\nEast Leslieside, NC 94422', '{}');
INSERT INTO `user` (`id`, `password`, `email`, `name`, `userType`, `phone`, `birthday`, `location`, `data`) VALUES ('bergstrom.hugh', 'b95b2c3c4c5e2ed52f04ecb9e6007ce419fe737a', 'ryan.pablo@example.net', 'ipsum', 'admin', '361.142.9321x77464', '1986-02-19', '553 Joey Lock Suite 273\nAnsleyborough, NM 97318', '{}');
INSERT INTO `user` (`id`, `password`, `email`, `name`, `userType`, `phone`, `birthday`, `location`, `data`) VALUES ('boyer.rowan', '6fd9bad7583eb21e0e5492c2180d83c71d46faf9', 'tyrese.brekke@example.net', 'sit', 'student', '964-072-5813x034', '2005-06-10', '0575 Swift Roads\nNorth Leta, ND 59258-5521', '{}');
INSERT INTO `user` (`id`, `password`, `email`, `name`, `userType`, `phone`, `birthday`, `location`, `data`) VALUES ('brionna.wisozk', 'd3cc780b002f9e3829fc0464f945e7aaf62573d1', 'quitzon.ottilie@example.net', 'illo', 'mentor', '198.156.5074', '1996-09-19', '80817 Harber Inlet Apt. 652\nKulasfort, KY 86615', '{}');
INSERT INTO `user` (`id`, `password`, `email`, `name`, `userType`, `phone`, `birthday`, `location`, `data`) VALUES ('cali30', 'df87d02052a9087e31a9bc221c10e6c69da56b67', 'matteo.kub@example.net', 'perspiciatis', 'admin', '1-374-599-0580', '1998-09-04', '382 Hagenes Dale Apt. 780\nCormierfort, NJ 68768-3983', '{}');
INSERT INTO `user` (`id`, `password`, `email`, `name`, `userType`, `phone`, `birthday`, `location`, `data`) VALUES ('carlee.weimann', 'a460f772f800eb84f37f1ebc3c4c84b161309308', 'lrutherford@example.com', 'mollitia', 'admin', '1-576-868-8187x9193', '1994-04-27', '27012 Ward Pass\nWest Monty, NM 83513', '{}');
INSERT INTO `user` (`id`, `password`, `email`, `name`, `userType`, `phone`, `birthday`, `location`, `data`) VALUES ('dayne66', '7796289dd9dc4c6902ef7706f7b13993d1289826', 'hhalvorson@example.org', 'repellat', 'mentor', '1-646-478-7026x2567', '1975-12-11', '780 Kiehn Passage Apt. 195\nSouth Maryamton, KY 40789-3992', '{}');
INSERT INTO `user` (`id`, `password`, `email`, `name`, `userType`, `phone`, `birthday`, `location`, `data`) VALUES ('delphia38', 'af2296e9e4cc3dbf42320c578ce95eb1568bee70', 'anna19@example.org', 'atque', 'student', '1-789-489-8002x1089', '1985-01-23', '69863 Shanahan Trafficway Suite 024\nPort Justenfort, LA 08675-7138', '{}');
INSERT INTO `user` (`id`, `password`, `email`, `name`, `userType`, `phone`, `birthday`, `location`, `data`) VALUES ('delphine.bashirian', '8b3842d6e6273cdbf9fff209adffdb3c275a1114', 'david.medhurst@example.org', 'sit', 'admin', '02205283391', '2019-10-25', '111 Stamm Fields\nMargareteberg, NJ 21929', '{}');
INSERT INTO `user` (`id`, `password`, `email`, `name`, `userType`, `phone`, `birthday`, `location`, `data`) VALUES ('dmetz', '43c3d3cf1d3b83b4b7effe8585b94c1095aa7c7a', 'welch.trever@example.net', 'est', 'student', '1-780-930-5600', '1986-04-27', '771 Borer Glen\nEast Milan, NE 28181', '{}');
INSERT INTO `user` (`id`, `password`, `email`, `name`, `userType`, `phone`, `birthday`, `location`, `data`) VALUES ('domenica.rutherford', '73b16402d5b107ee4812e7daf194cfb1fc37b488', 'liam.ruecker@example.net', 'voluptate', 'admin', '728-305-1238x3166', '1999-04-04', '5347 Hermiston Ford\nNorth Dillan, NJ 64831', '{}');
INSERT INTO `user` (`id`, `password`, `email`, `name`, `userType`, `phone`, `birthday`, `location`, `data`) VALUES ('durgan.elmo', '7b93ee825b706757cab442485899c6ab1ccbe70a', 'fritz32@example.org', 'blanditiis', 'student', '1-057-227-6101x3018', '2009-01-19', '9284 Ernestine Rapid\nEloisafort, LA 48036', '{}');
INSERT INTO `user` (`id`, `password`, `email`, `name`, `userType`, `phone`, `birthday`, `location`, `data`) VALUES ('emcclure', '2f36454cb5c3d6b5267acaec468a9c86871a5f3a', 'rosalinda38@example.com', 'consequuntur', 'admin', '046-676-1521', '2017-12-27', '17616 Gorczany Plains\nBrentport, VT 56412', '{}');
INSERT INTO `user` (`id`, `password`, `email`, `name`, `userType`, `phone`, `birthday`, `location`, `data`) VALUES ('feeney.skylar', '76f8dd8df5b7f1a1ad2a38c440761d247ceb0b2e', 'reymundo.rowe@example.net', 'impedit', 'mentor', '(580)587-0756', '1998-11-09', '792 Moen Summit\nLynchshire, NJ 50263', '{}');
INSERT INTO `user` (`id`, `password`, `email`, `name`, `userType`, `phone`, `birthday`, `location`, `data`) VALUES ('fmoore', '417b9538e2856778bc9e6a5404ff52db2980e934', 'batz.milton@example.com', 'cum', 'mentor', '577.560.8188x5174', '1995-01-09', '47296 Providenci Port\nPagacfurt, MS 24308', '{}');
INSERT INTO `user` (`id`, `password`, `email`, `name`, `userType`, `phone`, `birthday`, `location`, `data`) VALUES ('furman.hagenes', '4469a92b050b83e020cac89dbace99db4e6d4d47', 'larson.oran@example.com', 'consequuntur', 'student', '(681)356-2339x8202', '1982-04-18', '4694 Daugherty Summit\nVonRuedenburgh, NE 20868-6297', '{}');
INSERT INTO `user` (`id`, `password`, `email`, `name`, `userType`, `phone`, `birthday`, `location`, `data`) VALUES ('gerry.breitenberg', 'a672c08490ee069f2447f95130e8bcda5e2c29d5', 'kirlin.michel@example.org', 'explicabo', 'mentor', '(094)992-3909x00426', '1990-12-13', '0319 Mills Lock Suite 469\nSouth Jermey, AK 27369-4315', '{}');
INSERT INTO `user` (`id`, `password`, `email`, `name`, `userType`, `phone`, `birthday`, `location`, `data`) VALUES ('grayce.gerhold', 'a484103963174caed5ac0c99c8d4eb6f001ab228', 'odubuque@example.org', 'distinctio', 'student', '639-208-9232', '1999-04-12', '95947 O\'Connell Turnpike Apt. 684\nLake Sarahchester, ID 83507-7400', '{}');
INSERT INTO `user` (`id`, `password`, `email`, `name`, `userType`, `phone`, `birthday`, `location`, `data`) VALUES ('haley.luna', '248a9a02eb895a2c11779b3bf469ac43c4376cd7', 'psanford@example.org', 'sit', 'student', '1-179-195-0126x199', '1996-12-03', '18928 Jolie Circles\nNew Norris, OK 16411', '{}');
INSERT INTO `user` (`id`, `password`, `email`, `name`, `userType`, `phone`, `birthday`, `location`, `data`) VALUES ('hamill.esta', '272a3a36226ddc020b31e825573702f580e17fb0', 'iharris@example.org', 'voluptate', 'mentor', '04576433570', '2015-07-20', '9218 Bode Estates\nLake Lee, FL 17454-4797', '{}');
INSERT INTO `user` (`id`, `password`, `email`, `name`, `userType`, `phone`, `birthday`, `location`, `data`) VALUES ('hayes.petra', '30c0edb3690408acda447a70737e9e6324ff6b55', 'dicki.delfina@example.com', 'architecto', 'admin', '510.154.4838', '1991-06-26', '5293 Donald Pass\nNew Onafort, VA 34436-1883', '{}');
INSERT INTO `user` (`id`, `password`, `email`, `name`, `userType`, `phone`, `birthday`, `location`, `data`) VALUES ('herman.abbott', '7aa4e3bc96c740356d31f54e7657c06dcb3d2bbc', 'deon79@example.com', 'sit', 'mentor', '1-228-085-9961', '2018-07-12', '58972 Mya Summit\nEast Guadalupeberg, AK 29446', '{}');
INSERT INTO `user` (`id`, `password`, `email`, `name`, `userType`, `phone`, `birthday`, `location`, `data`) VALUES ('hilbert.mcglynn', 'b8a0999c9152572bc63703c04824b9a4eb6b7df0', 'khalil68@example.org', 'quod', 'admin', '978.737.8780x22328', '2014-01-21', '37168 Abelardo Underpass Apt. 439\nRoweville, IA 52813', '{}');
INSERT INTO `user` (`id`, `password`, `email`, `name`, `userType`, `phone`, `birthday`, `location`, `data`) VALUES ('hilll.chauncey', '2e57c5c8177e2b4c353dcc94fa8fd1450248baa6', 'wisozk.lennie@example.net', 'aut', 'mentor', '+53(6)8052880507', '1975-04-29', '6979 Desmond Loop Apt. 773\nNorth Eleonorebury, DC 35819-3415', '{}');
INSERT INTO `user` (`id`, `password`, `email`, `name`, `userType`, `phone`, `birthday`, `location`, `data`) VALUES ('hprohaska', '7936d24a0c27b76dd8a4696cd12d253f778250a8', 'olen85@example.org', 'accusantium', 'student', '03670256636', '1976-07-12', '402 Von Stravenue\nSouth Karleeberg, VA 80570-6250', '{}');
INSERT INTO `user` (`id`, `password`, `email`, `name`, `userType`, `phone`, `birthday`, `location`, `data`) VALUES ('immanuel50', '417687c28d63bb57b3d05a8a8b8ddfe5037f9bfc', 'mhilll@example.net', 'aliquid', 'student', '1-905-331-9338', '2005-11-06', '78865 Greta Loaf Apt. 944\nSouth Sylvesterport, WY 74678', '{}');
INSERT INTO `user` (`id`, `password`, `email`, `name`, `userType`, `phone`, `birthday`, `location`, `data`) VALUES ('israel.greenholt', '4981192f8412e429758f9336e9c6b053ab3dce6a', 'macejkovic.myrtice@example.net', 'ut', 'mentor', '(685)790-7933', '1982-05-23', '868 Bridget Path Apt. 151\nWest Olinbury, SD 23186', '{}');
INSERT INTO `user` (`id`, `password`, `email`, `name`, `userType`, `phone`, `birthday`, `location`, `data`) VALUES ('itzel.hand', '38cf8c320607bb2882bcefb18efe9aaf73393032', 'jacobs.daisy@example.com', 'est', 'admin', '09545540130', '1994-05-16', '26125 Stamm Drive Apt. 474\nKeonville, MD 50424', '{}');
INSERT INTO `user` (`id`, `password`, `email`, `name`, `userType`, `phone`, `birthday`, `location`, `data`) VALUES ('jacklyn03', '1cae398f74bf1454fe8c29d0c722abdf9e223ebf', 'erna.mayert@example.net', 'quis', 'admin', '569.378.7164x65350', '1999-11-19', '47245 Megane Bridge Apt. 320\nSouth Lloydburgh, DE 35980', '{}');
INSERT INTO `user` (`id`, `password`, `email`, `name`, `userType`, `phone`, `birthday`, `location`, `data`) VALUES ('jaden.beahan', '6e79940ecab7d75fd58a102de60312244298f908', 'julien79@example.org', 'et', 'student', '(695)043-1679x8531', '2012-11-18', '174 Buster Dam\nAidanside, ID 02816-6824', '{}');
INSERT INTO `user` (`id`, `password`, `email`, `name`, `userType`, `phone`, `birthday`, `location`, `data`) VALUES ('jarrell.heathcote', '27d4f5347cad8f4f258780a30cd83d295b05ab18', 'thalia26@example.com', 'sequi', 'admin', '056-583-9305', '1994-01-08', '824 Hintz Bypass\nNorth Timothyland, HI 51072-2226', '{}');
INSERT INTO `user` (`id`, `password`, `email`, `name`, `userType`, `phone`, `birthday`, `location`, `data`) VALUES ('jarvis.gleichner', 'a5899f76b2e8339f00a67fd2a0536957dd1f3f32', 'daniella.wuckert@example.com', 'earum', 'mentor', '(477)764-7582x8127', '1989-02-25', '7044 Herbert Radial Suite 252\nPort Minnie, IN 84590-9813', '{}');
INSERT INTO `user` (`id`, `password`, `email`, `name`, `userType`, `phone`, `birthday`, `location`, `data`) VALUES ('jayce.auer', '0fa67c6fc3a6e0b743df8d2237906021ee182ebe', 'kyla.anderson@example.net', 'ullam', 'student', '199.145.5502', '2013-02-11', '24454 Kassulke Light Apt. 666\nPort Trystan, NJ 75727', '{}');
INSERT INTO `user` (`id`, `password`, `email`, `name`, `userType`, `phone`, `birthday`, `location`, `data`) VALUES ('jayda.balistreri', '6fd0c67d42403eb0b59caf7f639552646e456c99', 'jenkins.wendy@example.net', 'sed', 'admin', '875-414-7822x7391', '2007-03-15', '5897 Milan Landing\nEmmerichshire, FL 39902', '{}');
INSERT INTO `user` (`id`, `password`, `email`, `name`, `userType`, `phone`, `birthday`, `location`, `data`) VALUES ('jaylin42', 'a951d0f860873bc506d444a0a6a8a71c35e57268', 'gaston.larson@example.org', 'odio', 'mentor', '1-812-974-8564', '1971-12-02', '71139 Dangelo Lake\nSchadenbury, HI 79935', '{}');
INSERT INTO `user` (`id`, `password`, `email`, `name`, `userType`, `phone`, `birthday`, `location`, `data`) VALUES ('jessie.nolan', '542ed8100e31b1854ab34c4859822f51dd9a4598', 'gia.jakubowski@example.com', 'et', 'student', '876.900.0363', '1999-01-11', '02646 Kristina Row\nBernardoport, KS 91305', '{}');
INSERT INTO `user` (`id`, `password`, `email`, `name`, `userType`, `phone`, `birthday`, `location`, `data`) VALUES ('jlabadie', 'e68d614203b4a7452be6098859002476487631a7', 'lyla40@example.com', 'ducimus', 'mentor', '1-528-052-2995x50705', '1995-06-02', '263 Bartell Dam Suite 456\nLake Makennabury, TN 73498-7240', '{}');
INSERT INTO `user` (`id`, `password`, `email`, `name`, `userType`, `phone`, `birthday`, `location`, `data`) VALUES ('jonatan56', 'f3bb9f5707e85da8b89b4d4048d998ed51a5b81c', 'wmitchell@example.org', 'quia', 'admin', '1-855-017-2642', '2006-06-29', '75617 Stehr Curve\nSaulfort, OR 49061-8335', '{}');
INSERT INTO `user` (`id`, `password`, `email`, `name`, `userType`, `phone`, `birthday`, `location`, `data`) VALUES ('jones.rhoda', 'd6a0498c38bf2e3ce0e51ea74c993afcd58ffafd', 'monserrate90@example.org', 'excepturi', 'admin', '(480)146-7076', '1972-04-17', '35827 Lehner Dam\nHarrisberg, NV 37721', '{}');
INSERT INTO `user` (`id`, `password`, `email`, `name`, `userType`, `phone`, `birthday`, `location`, `data`) VALUES ('jordyn.kuphal', 'fb01dab7c3a52b872748b5e3673294d0d0559b9b', 'sherman.cummerata@example.com', 'reiciendis', 'mentor', '850-215-5641x24767', '1973-03-24', '3278 Harvey Freeway\nCathrineland, OK 63438-5830', '{}');
INSERT INTO `user` (`id`, `password`, `email`, `name`, `userType`, `phone`, `birthday`, `location`, `data`) VALUES ('jrenner', 'abd0d0e7699ce27e6c83d5a257c4b33d31b17881', 'xmedhurst@example.net', 'exercitationem', 'student', '236-550-3250x838', '2008-01-02', '26387 Kuhic Roads Apt. 915\nEast Pearlmouth, NV 51833-8909', '{}');
INSERT INTO `user` (`id`, `password`, `email`, `name`, `userType`, `phone`, `birthday`, `location`, `data`) VALUES ('juliana.bode', 'df6263e08892e609fb16abae7a1c9220cce72963', 'nauer@example.net', 'dolorem', 'mentor', '398-849-4222x670', '2007-06-22', '09678 Sadye Squares Apt. 765\nMacejkovicmouth, KS 54683-6516', '{}');
INSERT INTO `user` (`id`, `password`, `email`, `name`, `userType`, `phone`, `birthday`, `location`, `data`) VALUES ('julio.gutmann', '7ba31df8a9e20457032aa65d78aeb98f9e85a46a', 'jeramie46@example.com', 'sequi', 'student', '1-905-476-6106x4511', '2018-03-07', '76140 Wehner Estates\nAlanistown, SC 10014', '{}');
INSERT INTO `user` (`id`, `password`, `email`, `name`, `userType`, `phone`, `birthday`, `location`, `data`) VALUES ('kcremin', '788498c66ce6e45a021458536ef52a51aee580e5', 'donato73@example.net', 'consequatur', 'student', '1-312-708-3591x92776', '1981-12-18', '6875 Breitenberg Shores Suite 639\nNorth Ansel, OH 20374', '{}');
INSERT INTO `user` (`id`, `password`, `email`, `name`, `userType`, `phone`, `birthday`, `location`, `data`) VALUES ('kieran24', '68205057e250dfd29938239f30c9d05533e9bcef', 'efrain.cole@example.com', 'fugit', 'admin', '1-130-882-0066x5233', '1979-09-10', '7085 Adams Court\nCameronchester, MT 41189', '{}');
INSERT INTO `user` (`id`, `password`, `email`, `name`, `userType`, `phone`, `birthday`, `location`, `data`) VALUES ('koepp.maxwell', '611232da0529e4322309917836051567a384ff3e', 'fae.heidenreich@example.org', 'quas', 'mentor', '823-117-2090x1027', '1999-02-22', '349 Rosamond Viaduct Suite 383\nLueilwitzton, CT 02066', '{}');
INSERT INTO `user` (`id`, `password`, `email`, `name`, `userType`, `phone`, `birthday`, `location`, `data`) VALUES ('kwolff', '052fe63044a65219e8d9e215d1ebc7741e2e7b42', 'hayes.jude@example.org', 'ipsam', 'admin', '085-850-9299x8073', '2006-06-25', '3032 Mosciski Manors Suite 392\nWest Phoebemouth, NM 35336', '{}');
INSERT INTO `user` (`id`, `password`, `email`, `name`, `userType`, `phone`, `birthday`, `location`, `data`) VALUES ('laury.thiel', '52d7d101e215b50855712f24fdde0f90940cdfc7', 'xmckenzie@example.org', 'blanditiis', 'student', '490-765-6638', '1998-11-28', '680 Willms Square\nSchulisttown, IL 51608', '{}');
INSERT INTO `user` (`id`, `password`, `email`, `name`, `userType`, `phone`, `birthday`, `location`, `data`) VALUES ('lkuphal', '774ad158f00fca1fbfdafb9dd4d41f60c84a2461', 'jnienow@example.net', 'consequatur', 'mentor', '+84(1)5005253740', '2000-08-26', '9254 Dereck Plaza Suite 572\nJaskolskifort, MT 60222', '{}');
INSERT INTO `user` (`id`, `password`, `email`, `name`, `userType`, `phone`, `birthday`, `location`, `data`) VALUES ('macy28', '88dce95eea7078e21c76f1773b2eca7041a706f0', 'leuschke.benton@example.com', 'hic', 'student', '1-280-487-3836x473', '2004-08-26', '557 Runolfsson Way Apt. 290\nBahringerchester, OK 02813', '{}');
INSERT INTO `user` (`id`, `password`, `email`, `name`, `userType`, `phone`, `birthday`, `location`, `data`) VALUES ('mante.josefa', '9ab004512a3e506c22c427d11651d3e59671ab23', 'allan31@example.net', 'error', 'student', '1-145-082-9403x7920', '1972-11-24', '746 Adell Rue\nHendersonborough, MA 76019', '{}');
INSERT INTO `user` (`id`, `password`, `email`, `name`, `userType`, `phone`, `birthday`, `location`, `data`) VALUES ('mariana.metz', '820197b39eb458fae96aa7046f26167b589e2f95', 'efren93@example.com', 'numquam', 'admin', '428-795-2799', '1981-10-17', '6047 Denesik Forest Apt. 855\nJonathanburgh, AL 42928-0049', '{}');
INSERT INTO `user` (`id`, `password`, `email`, `name`, `userType`, `phone`, `birthday`, `location`, `data`) VALUES ('markus.schimmel', '7851692a3c5f377be3d3a026e6cf8e923affbc82', 'fshanahan@example.com', 'modi', 'admin', '(420)481-5023x4365', '1988-09-04', '143 Doyle Union\nNew Armand, OK 91803-5168', '{}');
INSERT INTO `user` (`id`, `password`, `email`, `name`, `userType`, `phone`, `birthday`, `location`, `data`) VALUES ('mathew.reinger', '7c216084d1d99d002044b9df902f308942ad1f32', 'gschulist@example.org', 'rerum', 'admin', '465.336.7733x1809', '1977-07-26', '2161 Cielo Shores Suite 213\nEmilyland, IN 21777', '{}');
INSERT INTO `user` (`id`, `password`, `email`, `name`, `userType`, `phone`, `birthday`, `location`, `data`) VALUES ('maudie98', '2e1c8ededdcf3345e4aa431c28d6f3182ab02e4d', 'carlee.rohan@example.net', 'qui', 'mentor', '417-043-0449', '2011-12-19', '997 Albin Village\nPort Rowenaport, RI 78755', '{}');
INSERT INTO `user` (`id`, `password`, `email`, `name`, `userType`, `phone`, `birthday`, `location`, `data`) VALUES ('miller31', '5a3c7e7a805d1b33e4a4b3e38a8ff6ad5005fffb', 'hirthe.demond@example.com', 'sunt', 'student', '1-801-860-6737x0570', '1984-05-15', '720 Franco Way Apt. 565\nSouth Edd, UT 23349-2335', '{}');
INSERT INTO `user` (`id`, `password`, `email`, `name`, `userType`, `phone`, `birthday`, `location`, `data`) VALUES ('nader.alessia', 'b2c0a847d4b68c4594b5c2c342b1de19084dafbf', 'urban47@example.org', 'nesciunt', 'mentor', '1-804-820-4534x2470', '1982-12-30', '5302 Orie Island\nHadleybury, ME 98720-3276', '{}');
INSERT INTO `user` (`id`, `password`, `email`, `name`, `userType`, `phone`, `birthday`, `location`, `data`) VALUES ('ooberbrunner', '550db69c5f397c810909c854b749793f8cf901d9', 'christine74@example.org', 'similique', 'mentor', '(858)793-3200', '2008-03-02', '65325 Bahringer Inlet\nElnaview, OR 71237', '{}');
INSERT INTO `user` (`id`, `password`, `email`, `name`, `userType`, `phone`, `birthday`, `location`, `data`) VALUES ('ophelia05', '87c23aab03f6e46b8431ef1d41d9ac70d42aa44c', 'dorris.kuhn@example.org', 'eius', 'mentor', '708-226-3411', '1971-11-15', '646 Haven Plains\nBuckridgefort, MI 80583-5248', '{}');
INSERT INTO `user` (`id`, `password`, `email`, `name`, `userType`, `phone`, `birthday`, `location`, `data`) VALUES ('orville44', 'c84e3a39ddbe8ecdb93b0bb9e8ed550efd37adc4', 'alena.goyette@example.org', 'repellendus', 'mentor', '734-331-7849x018', '1991-08-08', '329 Alejandrin Green Suite 807\nJonesborough, PA 57611', '{}');
INSERT INTO `user` (`id`, `password`, `email`, `name`, `userType`, `phone`, `birthday`, `location`, `data`) VALUES ('padberg.murray', '822790e11c8ab0787059eb14e54d8d5048c8be6e', 'goldner.iliana@example.com', 'sit', 'student', '1-333-356-4813', '1987-02-03', '02022 Glennie Plains Apt. 274\nLake Ashtynburgh, CT 91395', '{}');
INSERT INTO `user` (`id`, `password`, `email`, `name`, `userType`, `phone`, `birthday`, `location`, `data`) VALUES ('parisian.alvera', 'c901b7c8a7b635e88ef13bfc3b498770986a18af', 'hparker@example.net', 'nisi', 'mentor', '832.276.7633x3226', '2011-04-03', '107 Herzog Rapids Suite 617\nLake Jazlynport, KY 45411-6769', '{}');
INSERT INTO `user` (`id`, `password`, `email`, `name`, `userType`, `phone`, `birthday`, `location`, `data`) VALUES ('paucek.sydney', '9982b2457b972bb739a3f063a4e26674d4b7a8f2', 'charity.powlowski@example.com', 'id', 'student', '1-369-641-2746', '2019-08-20', '5184 Donnelly Villages\nNew Natborough, OH 13638-4247', '{}');
INSERT INTO `user` (`id`, `password`, `email`, `name`, `userType`, `phone`, `birthday`, `location`, `data`) VALUES ('reichel.keara', '754455adf515e6ecff85fa5d965ed72a253817af', 'tgutkowski@example.net', 'aperiam', 'student', '(502)724-3687x41597', '2009-04-09', '7195 Kaya Rapid Apt. 435\nPort Easter, ME 04203', '{}');
INSERT INTO `user` (`id`, `password`, `email`, `name`, `userType`, `phone`, `birthday`, `location`, `data`) VALUES ('renner.samson', '0c830f6fa664a12e43ed8b2b7601a37a1cc3ef7f', 'rolfson.lera@example.org', 'eum', 'mentor', '08824502850', '2003-05-25', '0597 Swaniawski Spurs Suite 843\nBayerton, GA 94780-2798', '{}');
INSERT INTO `user` (`id`, `password`, `email`, `name`, `userType`, `phone`, `birthday`, `location`, `data`) VALUES ('rosa68', 'dfacd6dd9cf973b0fce0fe90b29d16cebdfd0598', 'brandyn.haley@example.com', 'aliquam', 'admin', '1-694-544-3764', '1984-02-04', '2163 Kutch Spring Apt. 130\nCurtisland, HI 90469', '{}');
INSERT INTO `user` (`id`, `password`, `email`, `name`, `userType`, `phone`, `birthday`, `location`, `data`) VALUES ('ruthe10', '05a70c0fb6f97dd9c7dab91c15bf79d5e1b0a85d', 'geoffrey.frami@example.net', 'et', 'admin', '702-724-8165', '1984-06-17', '9834 Larkin Centers\nLake Allene, WI 61202-8651', '{}');
INSERT INTO `user` (`id`, `password`, `email`, `name`, `userType`, `phone`, `birthday`, `location`, `data`) VALUES ('schmidt.maximillia', '6376c8f550a5709a810f8c099ec4942a141d2449', 'addison.pouros@example.org', 'vel', 'mentor', '671.047.3272', '2004-03-03', '329 Tremblay Corner Suite 933\nLefflertown, AL 53618-5949', '{}');
INSERT INTO `user` (`id`, `password`, `email`, `name`, `userType`, `phone`, `birthday`, `location`, `data`) VALUES ('shanel.goldner', '447373eda2588a22a3109c2fea79c4383c032610', 'qosinski@example.com', 'qui', 'mentor', '124.102.4881x599', '2005-10-14', '068 Kuhn Mountain Apt. 608\nKuvalistown, MA 27348-1516', '{}');
INSERT INTO `user` (`id`, `password`, `email`, `name`, `userType`, `phone`, `birthday`, `location`, `data`) VALUES ('spinka.tod', '627e9511855cf1a3782514ddab5eb3e20b679255', 'hoppe.jacinthe@example.org', 'nostrum', 'student', '565-743-6418x3238', '1971-08-20', '970 Donato Squares\nDavisland, WV 00027', '{}');
INSERT INTO `user` (`id`, `password`, `email`, `name`, `userType`, `phone`, `birthday`, `location`, `data`) VALUES ('stuart.mohr', '87fd477ea2601ec89fc1ac8d7f9c8b5d04523f1a', 'doyle.katarina@example.net', 'dicta', 'student', '914.914.4860x95954', '2013-12-21', '81932 Evans Avenue Suite 853\nNorth Ulisesmouth, AK 16673', '{}');
INSERT INTO `user` (`id`, `password`, `email`, `name`, `userType`, `phone`, `birthday`, `location`, `data`) VALUES ('svolkman', '97f4d989db22eac7c1d0e2799b21dc731c90e8d8', 'ycole@example.com', 'pariatur', 'student', '636-268-0011x98524', '2008-12-04', '9363 Cole Field Apt. 279\nNew Amparo, MO 88624-7384', '{}');
INSERT INTO `user` (`id`, `password`, `email`, `name`, `userType`, `phone`, `birthday`, `location`, `data`) VALUES ('sweimann', '0fcc882b527ac408f9eaf217735fda73e5341c86', 'rtillman@example.org', 'omnis', 'admin', '184.148.5086', '1996-02-23', '497 Sawayn Stream\nPort Chauncey, MO 86458', '{}');
INSERT INTO `user` (`id`, `password`, `email`, `name`, `userType`, `phone`, `birthday`, `location`, `data`) VALUES ('tabitha.hirthe', 'fd6058b074f648e1c519c4ac39d9d2c89fadf55a', 'gregg.bednar@example.org', 'perspiciatis', 'admin', '094.784.5887x65707', '1974-11-19', '12048 Ondricka Run\nNew Autumnbury, DE 81842-6333', '{}');
INSERT INTO `user` (`id`, `password`, `email`, `name`, `userType`, `phone`, `birthday`, `location`, `data`) VALUES ('terence47', 'e1be4ebc2513fc0e803173a83ddd5470e4025093', 'adolfo55@example.com', 'qui', 'student', '+62(6)0468356058', '2011-10-19', '366 Collins Forge\nFernetown, MS 85983-4569', '{}');
INSERT INTO `user` (`id`, `password`, `email`, `name`, `userType`, `phone`, `birthday`, `location`, `data`) VALUES ('tevin.lueilwitz', 'b80ada99ddd1fc6d133f2fb14e76348451a029c3', 'reid00@example.com', 'molestias', 'student', '654-583-5761x2735', '1985-11-15', '95951 Kozey Isle Suite 097\nEast Davontemouth, DE 31001-2295', '{}');
INSERT INTO `user` (`id`, `password`, `email`, `name`, `userType`, `phone`, `birthday`, `location`, `data`) VALUES ('tfranecki', '3e2adcd961df8c1c970fc268ee48d8b0ee62fad4', 'eugene.homenick@example.com', 'est', 'student', '+59(8)2482506661', '1985-05-23', '2779 Shanahan Wall\nLangoshport, SD 85658', '{}');
INSERT INTO `user` (`id`, `password`, `email`, `name`, `userType`, `phone`, `birthday`, `location`, `data`) VALUES ('tierra.heidenreich', '5ec4372e3ba5828a25bc7f75288aec065cec5bc3', 'white.roma@example.net', 'quaerat', 'mentor', '032.236.5816x532', '2000-10-12', '6933 Kling Center Suite 570\nEast Estrella, NY 95842-1262', '{}');
INSERT INTO `user` (`id`, `password`, `email`, `name`, `userType`, `phone`, `birthday`, `location`, `data`) VALUES ('toney01', '45c7d52c7c35b7055ec86199fab1fed645d23afb', 'bertha45@example.org', 'et', 'student', '422.542.2049x1496', '2020-05-06', '3220 Ledner Square Suite 007\nStehrview, IL 88028-3783', '{}');
INSERT INTO `user` (`id`, `password`, `email`, `name`, `userType`, `phone`, `birthday`, `location`, `data`) VALUES ('tpacocha', '48414b43599dfa3e3a7f7bb7cd5dcad1de7f69bf', 'caterina.tremblay@example.com', 'distinctio', 'student', '(832)489-9576x78453', '1972-07-24', '4599 Bennett Island\nSantabury, OR 70924', '{}');
INSERT INTO `user` (`id`, `password`, `email`, `name`, `userType`, `phone`, `birthday`, `location`, `data`) VALUES ('usipes', '0d2489d62d79a5b40fc8c68c7f8fa1a441cf48cd', 'jacinto.rolfson@example.net', 'enim', 'mentor', '(593)373-1087x042', '1972-10-08', '943 Moises Spurs Suite 245\nPort Roslyntown, WI 75487', '{}');
INSERT INTO `user` (`id`, `password`, `email`, `name`, `userType`, `phone`, `birthday`, `location`, `data`) VALUES ('vada.gorczany', 'afbdc6565cdb5d40ef09dfd03b6713e8f5d753ce', 'zdaugherty@example.org', 'et', 'student', '05948414151', '2002-03-10', '68909 Carroll Dam\nLake Arjunmouth, WI 11234', '{}');
INSERT INTO `user` (`id`, `password`, `email`, `name`, `userType`, `phone`, `birthday`, `location`, `data`) VALUES ('vicky94', '315afecd9fc66f7756ae8c4a304a3721da62ba57', 'dejon.prohaska@example.com', 'quis', 'admin', '1-272-513-9349x84938', '1995-11-18', '83667 Uriel Mission\nNew Kraigville, HI 08349', '{}');
INSERT INTO `user` (`id`, `password`, `email`, `name`, `userType`, `phone`, `birthday`, `location`, `data`) VALUES ('weissnat.tristian', '877487d40cb01c3c9edecc059716538f2271b729', 'ymayer@example.com', 'ut', 'mentor', '339-940-8053x955', '1973-12-04', '235 Muller Groves\nPort Jarrellmouth, ME 06074', '{}');
INSERT INTO `user` (`id`, `password`, `email`, `name`, `userType`, `phone`, `birthday`, `location`, `data`) VALUES ('wolf.jermey', 'f9045eff69b2e6051c183f28915fab73076c539f', 'grempel@example.com', 'quasi', 'admin', '(230)597-2124x5849', '1988-07-19', '27198 Kilback Lake\nCarrieland, TN 79529-9491', '{}');
INSERT INTO `user` (`id`, `password`, `email`, `name`, `userType`, `phone`, `birthday`, `location`, `data`) VALUES ('wuckert.damaris', 'cdfc75f3a984e4d02695dc7f4d3f5a0af55d6b7b', 'river.kertzmann@example.net', 'ratione', 'mentor', '(368)760-7163', '1994-02-15', '515 Alene Throughway Apt. 941\nNorth Barrettburgh, NC 76181-0028', '{}');
INSERT INTO `user` (`id`, `password`, `email`, `name`, `userType`, `phone`, `birthday`, `location`, `data`) VALUES ('wzulauf', 'e6cd0efdf9b5e488f3aec9e551bb7bfa06151375', 'abshire.orin@example.org', 'fugiat', 'student', '508.321.1556x7041', '1971-06-07', '4949 Bartell Ridge\nMullerfurt, MO 37808-9520', '{}');
INSERT INTO `user` (`id`, `password`, `email`, `name`, `userType`, `phone`, `birthday`, `location`, `data`) VALUES ('xkris', '0ba38fe61227683a397003afa8f145db4387fd61', 'payton.trantow@example.org', 'ipsa', 'mentor', '1-059-830-9401', '2007-04-09', '448 Clark Green Suite 244\nNew Ellaborough, OK 16550-2631', '{}');
INSERT INTO `user` (`id`, `password`, `email`, `name`, `userType`, `phone`, `birthday`, `location`, `data`) VALUES ('yvette.schulist', '4f310ab36a2415e02539e155e5ba4696dfbd5df6', 'devyn83@example.com', 'dolorum', 'student', '1-017-928-3573', '1972-07-25', '784 Hilll Prairie\nNitzscheland, WA 57283', '{}');
INSERT INTO `user` (`id`, `password`, `email`, `name`, `userType`, `phone`, `birthday`, `location`, `data`) VALUES ('zion.miller', '17f8a994cc680a67f0b382b154951d06e5ed08af', 'fankunding@example.com', 'id', 'admin', '559.464.9259', '1985-10-06', '56098 D\'Amore Track Apt. 077\nGulgowskiberg, WV 97478-7454', '{}');



INSERT INTO `user_hashtag` (`id`, `user_id`, `hashtag_id`, `userType`) VALUES ('01f16328-fd9d-3e3b-a40b-3ab77ad95c41', 'shanel.goldner', 'c0af0d82-8179-3948-8d5a-249c1b9fe9ba', 'mentor');
INSERT INTO `user_hashtag` (`id`, `user_id`, `hashtag_id`, `userType`) VALUES ('047a50a6-6f34-3b03-890c-d28b0e3c2236', 'jonatan56', '74449775-f149-381b-9ea0-ce4bc7b3e9bb', 'mentor');
INSERT INTO `user_hashtag` (`id`, `user_id`, `hashtag_id`, `userType`) VALUES ('051baebc-3eed-3b75-91bb-3f19ee594bb6', 'jarrell.heathcote', '6c7a1ba5-388d-376b-b3c5-e7288b3280df', 'student');
INSERT INTO `user_hashtag` (`id`, `user_id`, `hashtag_id`, `userType`) VALUES ('078965ba-eaf2-3762-8189-0a002efc797a', 'brionna.wisozk', '2ca23f7c-51d8-31b2-9708-073aebb22ae2', 'admin');
INSERT INTO `user_hashtag` (`id`, `user_id`, `hashtag_id`, `userType`) VALUES ('0c8bfbcd-7118-33f3-abcd-546dd392a338', 'bergstrom.hugh', '292dc555-3b38-35db-93eb-943ef6b34659', 'mentor');
INSERT INTO `user_hashtag` (`id`, `user_id`, `hashtag_id`, `userType`) VALUES ('1147d49f-e905-31f7-a0c6-17498e577cc7', 'stuart.mohr', 'c4752c30-9129-3367-907c-b754b845e61d', 'admin');
INSERT INTO `user_hashtag` (`id`, `user_id`, `hashtag_id`, `userType`) VALUES ('11b8d15a-9a71-323f-8482-74741448775b', 'kieran24', '86ad52f7-0bb0-3a9a-8d7d-8806d155ad8f', 'student');
INSERT INTO `user_hashtag` (`id`, `user_id`, `hashtag_id`, `userType`) VALUES ('12e5b8cc-1332-3e3f-85e4-8cd6bab549b0', 'jaylin42', '6f7a24a1-bc86-3e4f-9a7b-5c240a33b795', 'mentor');
INSERT INTO `user_hashtag` (`id`, `user_id`, `hashtag_id`, `userType`) VALUES ('1464ed38-f2de-3a9b-a3e7-4c41101571f4', 'wuckert.damaris', 'f6dbb271-601c-3761-b63b-c1ee27d1997a', 'admin');
INSERT INTO `user_hashtag` (`id`, `user_id`, `hashtag_id`, `userType`) VALUES ('15b51dce-25f3-38bd-995e-3c97d411e8be', 'markus.schimmel', '972154bd-d05d-304c-af59-406b3c0f17e1', 'student');
INSERT INTO `user_hashtag` (`id`, `user_id`, `hashtag_id`, `userType`) VALUES ('2b4dc04d-9c43-3653-bbf5-ed23a08c726c', 'tfranecki', 'e308e619-e4b9-3692-8181-175b9edf6416', 'mentor');
INSERT INTO `user_hashtag` (`id`, `user_id`, `hashtag_id`, `userType`) VALUES ('2d27a77a-ebbc-37b5-96a5-13fa0355ed2b', 'boyer.rowan', '29e9c889-6f2f-3a11-9982-7c399adb0dbd', 'mentor');
INSERT INTO `user_hashtag` (`id`, `user_id`, `hashtag_id`, `userType`) VALUES ('2dc2fa2c-a433-3f0d-8635-d99f3dcf0d2c', 'hilbert.mcglynn', '4e3ff5e1-21e5-3887-83d2-f2c354c3fd50', 'admin');
INSERT INTO `user_hashtag` (`id`, `user_id`, `hashtag_id`, `userType`) VALUES ('2f1abf38-6c5d-37d6-b96e-65d91ba1d0a2', 'jaden.beahan', '6a0a04d1-9141-3909-b226-d52ab502f07d', 'student');
INSERT INTO `user_hashtag` (`id`, `user_id`, `hashtag_id`, `userType`) VALUES ('303d1c50-6989-370b-903d-8f5d541bc600', 'adams.mary', '052c94ef-75b0-3c74-8d8a-a05d619467de', 'mentor');
INSERT INTO `user_hashtag` (`id`, `user_id`, `hashtag_id`, `userType`) VALUES ('31302fb4-680c-3c7d-a819-72376e5f190a', 'jlabadie', '74161da8-2902-3ee6-8749-3dc9657ff84e', 'admin');
INSERT INTO `user_hashtag` (`id`, `user_id`, `hashtag_id`, `userType`) VALUES ('33a6e5c3-b912-33e6-9d5c-3d5ee114cdd3', 'jordyn.kuphal', '79e276ed-49eb-3cb2-b070-0b5996ed121f', 'student');
INSERT INTO `user_hashtag` (`id`, `user_id`, `hashtag_id`, `userType`) VALUES ('354467d6-a7f2-3876-b786-bd635fd40dc0', 'wolf.jermey', 'f4c1154a-3750-3ed8-b8c4-958849ee96fd', 'student');
INSERT INTO `user_hashtag` (`id`, `user_id`, `hashtag_id`, `userType`) VALUES ('396c6587-30ce-3862-a479-29c7c9d70174', 'tevin.lueilwitz', 'de0160c7-b8f3-317d-bd35-c34a0de6a22c', 'mentor');
INSERT INTO `user_hashtag` (`id`, `user_id`, `hashtag_id`, `userType`) VALUES ('3ab6ac73-9c18-3197-b4ab-3f8011363561', 'parisian.alvera', 'b2cc5483-0382-354c-a749-202c667b0627', 'admin');
INSERT INTO `user_hashtag` (`id`, `user_id`, `hashtag_id`, `userType`) VALUES ('3cc25c35-7688-3e79-be48-f5899b6335a2', 'jayda.balistreri', '6f50ab06-25d7-3e23-871a-83d52cc3d047', 'student');
INSERT INTO `user_hashtag` (`id`, `user_id`, `hashtag_id`, `userType`) VALUES ('3ea98d2c-2ae2-39d5-a16d-ee6c56c03507', 'mariana.metz', '95f900c6-4470-3cff-8d40-ac7bdeb46806', 'student');
INSERT INTO `user_hashtag` (`id`, `user_id`, `hashtag_id`, `userType`) VALUES ('3fb5386a-b439-3e09-9a38-1f51298a195c', 'domenica.rutherford', '355e07e9-a47c-305b-8bbb-af194c2dd2d3', 'student');
INSERT INTO `user_hashtag` (`id`, `user_id`, `hashtag_id`, `userType`) VALUES ('426fd08c-ea59-36a9-8ace-913eb6621764', 'svolkman', 'c571bab5-0ee2-3693-881c-76b1650022b6', 'admin');
INSERT INTO `user_hashtag` (`id`, `user_id`, `hashtag_id`, `userType`) VALUES ('4a772817-6179-3e81-8e61-4e5366c301e7', 'anastacio.cummings', '0fb41ee0-7012-3777-b831-5e1d436d754c', 'admin');
INSERT INTO `user_hashtag` (`id`, `user_id`, `hashtag_id`, `userType`) VALUES ('4c709394-9b1a-37d0-84db-f561e7c409e2', 'jacklyn03', '64c93eb8-2e20-39b9-9873-020901f2af20', 'mentor');
INSERT INTO `user_hashtag` (`id`, `user_id`, `hashtag_id`, `userType`) VALUES ('4ca5ceb0-08fb-32c1-998b-168d7451f78a', 'koepp.maxwell', '882f01ec-f07c-33dd-9529-d7a28702339f', 'student');
INSERT INTO `user_hashtag` (`id`, `user_id`, `hashtag_id`, `userType`) VALUES ('517ef8c3-8ba6-38b3-aae3-85e747960ca3', 'jarvis.gleichner', '6cf581c8-d16f-341a-ad40-8f6a98992ad4', 'student');
INSERT INTO `user_hashtag` (`id`, `user_id`, `hashtag_id`, `userType`) VALUES ('523d2fa5-6c73-34de-a628-9f1adaedbfde', 'weissnat.tristian', 'f4582264-ac36-3a82-9a0c-68a8491e495b', 'mentor');
INSERT INTO `user_hashtag` (`id`, `user_id`, `hashtag_id`, `userType`) VALUES ('5519a383-a292-3c5e-933d-9b34df91659a', 'ophelia05', '9f930468-c3c2-3d11-8b4b-fa0e385c9029', 'student');
INSERT INTO `user_hashtag` (`id`, `user_id`, `hashtag_id`, `userType`) VALUES ('586ae70b-bc08-3af2-bd6d-516f6d51095e', 'dmetz', '33e1a0b6-8ac3-302a-9d6f-10266f8536e8', 'mentor');
INSERT INTO `user_hashtag` (`id`, `user_id`, `hashtag_id`, `userType`) VALUES ('588762bf-59cf-3465-b644-d519d98af406', 'schmidt.maximillia', 'bf64ff98-b04f-358f-aaec-2320a34fa6fd', 'student');
INSERT INTO `user_hashtag` (`id`, `user_id`, `hashtag_id`, `userType`) VALUES ('5a16fa32-74af-338b-bca3-f16a1268a129', 'terence47', 'd8365102-b10d-3d5f-a78b-bf90faabac9e', 'admin');
INSERT INTO `user_hashtag` (`id`, `user_id`, `hashtag_id`, `userType`) VALUES ('5a6dacec-1fe3-3a50-97d5-49872b10e1b2', 'feeney.skylar', '3882932c-1b81-3821-9053-c34d7da5507a', 'admin');
INSERT INTO `user_hashtag` (`id`, `user_id`, `hashtag_id`, `userType`) VALUES ('5b7bb876-a9b5-3964-9bd6-1f786eeb8508', 'herman.abbott', '46360ac4-06d6-3786-a05f-8084758b43e5', 'mentor');
INSERT INTO `user_hashtag` (`id`, `user_id`, `hashtag_id`, `userType`) VALUES ('5d71b6ad-21eb-33aa-94c8-0c8023688214', 'maudie98', '9d57b353-ba2f-3d1d-9cf7-efc1b2c21519', 'admin');
INSERT INTO `user_hashtag` (`id`, `user_id`, `hashtag_id`, `userType`) VALUES ('5ead4488-7d54-3fa3-8c62-0393d40ae5ca', 'jones.rhoda', '79151e24-d9dc-3b3c-9a7b-c30485dab222', 'mentor');
INSERT INTO `user_hashtag` (`id`, `user_id`, `hashtag_id`, `userType`) VALUES ('5f52fdf7-3b77-33f2-9f41-11401df9b756', 'kwolff', '889a9f55-dcb4-3d66-8b9e-be07560f342e', 'mentor');
INSERT INTO `user_hashtag` (`id`, `user_id`, `hashtag_id`, `userType`) VALUES ('664dc546-9154-34e0-aeeb-243541989f26', 'dayne66', '3122c705-f37d-3c59-9f95-a1e39ca685b6', 'student');
INSERT INTO `user_hashtag` (`id`, `user_id`, `hashtag_id`, `userType`) VALUES ('6b47eb8d-2dce-3981-a553-9bdd4e69cc64', 'abernier', '02c4cd8c-1627-3d7e-bda4-bf5c246b242c', 'admin');
INSERT INTO `user_hashtag` (`id`, `user_id`, `hashtag_id`, `userType`) VALUES ('6d01c187-f732-33f4-969c-a9b20775a2b1', 'mante.josefa', '9280887a-9f14-3b1c-b579-80e2e2124025', 'admin');
INSERT INTO `user_hashtag` (`id`, `user_id`, `hashtag_id`, `userType`) VALUES ('75113d55-1356-33c7-9342-1af46f953627', 'sweimann', 'cac27fbc-30ba-3189-be78-a79387e550cd', 'student');
INSERT INTO `user_hashtag` (`id`, `user_id`, `hashtag_id`, `userType`) VALUES ('75b5b9e6-b30a-32d5-b601-e0b7ae3ff2ff', 'durgan.elmo', '35601005-6117-31f6-b96e-a70dcbd45378', 'admin');
INSERT INTO `user_hashtag` (`id`, `user_id`, `hashtag_id`, `userType`) VALUES ('771515b4-487e-3116-98e0-da505116410e', 'xkris', 'fb65c7b3-5d60-3ad5-9eda-089e4a26e3df', 'mentor');
INSERT INTO `user_hashtag` (`id`, `user_id`, `hashtag_id`, `userType`) VALUES ('78b0be4b-a571-3f44-9ae7-7a854a41653e', 'vicky94', 'f2bced65-fef9-34db-aa17-a49fa4adb23f', 'admin');
INSERT INTO `user_hashtag` (`id`, `user_id`, `hashtag_id`, `userType`) VALUES ('7925d722-1762-33c5-88fe-9437152bc9a2', 'wzulauf', 'fa50c016-51e6-3841-a57e-31bf0b1f1952', 'student');
INSERT INTO `user_hashtag` (`id`, `user_id`, `hashtag_id`, `userType`) VALUES ('79b00c0a-7820-3383-8370-64268d0abe11', 'renner.samson', 'b797170e-649b-3738-9c65-804bcab6c8d2', 'student');
INSERT INTO `user_hashtag` (`id`, `user_id`, `hashtag_id`, `userType`) VALUES ('7c636ef2-a0a9-39cd-b85a-4e3476d2a65c', 'lkuphal', '8b16ac18-8dcd-3656-8138-fc1f47812332', 'mentor');
INSERT INTO `user_hashtag` (`id`, `user_id`, `hashtag_id`, `userType`) VALUES ('803f2577-b4c6-331c-b04a-6231197ba53d', 'furman.hagenes', '3b2e7e4e-1328-3a11-983c-e75db72627e9', 'mentor');
INSERT INTO `user_hashtag` (`id`, `user_id`, `hashtag_id`, `userType`) VALUES ('80d8150c-cc4d-36cd-ab01-f00ca0aca691', 'tabitha.hirthe', 'd5a0daf3-f1d6-33af-87b3-6b20201b32d5', 'student');
INSERT INTO `user_hashtag` (`id`, `user_id`, `hashtag_id`, `userType`) VALUES ('8139113b-f311-369f-a35b-a50de9ae01e6', 'ooberbrunner', '9f4cfcc1-bff4-34a1-ba8c-268b0bc1ffb2', 'mentor');
INSERT INTO `user_hashtag` (`id`, `user_id`, `hashtag_id`, `userType`) VALUES ('81dc35c6-f94c-3bc5-9296-4485a51386a8', 'vada.gorczany', 'eb4732d9-206f-35cd-8a1d-10984b889305', 'student');
INSERT INTO `user_hashtag` (`id`, `user_id`, `hashtag_id`, `userType`) VALUES ('867ca58a-ab84-3492-9b25-d11e95734418', 'israel.greenholt', '635e4119-3266-31a3-b4c0-feb8499bac5b', 'admin');
INSERT INTO `user_hashtag` (`id`, `user_id`, `hashtag_id`, `userType`) VALUES ('8730ddb7-b809-3839-8427-c88a124fe59e', 'hprohaska', '5e7ae66b-3d2c-30b6-9c18-711dd7fd93ba', 'mentor');
INSERT INTO `user_hashtag` (`id`, `user_id`, `hashtag_id`, `userType`) VALUES ('8813fe07-8dc4-38ae-b16d-47bf6eb62a92', 'nader.alessia', '9ea684d2-ec69-3b6e-91ec-10efeac75ff9', 'student');
INSERT INTO `user_hashtag` (`id`, `user_id`, `hashtag_id`, `userType`) VALUES ('8b079010-9201-322b-88f8-2fc906c8ae3d', 'jessie.nolan', '7007689f-a9d1-3dd1-b541-456d177e3dd0', 'admin');
INSERT INTO `user_hashtag` (`id`, `user_id`, `hashtag_id`, `userType`) VALUES ('8cfb98b1-3b4a-308f-bd80-96d028cf8048', 'yvette.schulist', 'fc130a12-c179-35b8-a4bb-9eb25af05cb0', 'student');
INSERT INTO `user_hashtag` (`id`, `user_id`, `hashtag_id`, `userType`) VALUES ('919dadcb-4127-3990-802b-ec43b5711069', 'spinka.tod', 'c321c730-6d1f-3534-99e5-55a5ac70e1ed', 'student');
INSERT INTO `user_hashtag` (`id`, `user_id`, `hashtag_id`, `userType`) VALUES ('919f5537-5510-35e6-80d6-fe88a397a1a5', 'ara.miller', '19863a4a-689f-35cd-a73b-ab447c3d38f6', 'admin');
INSERT INTO `user_hashtag` (`id`, `user_id`, `hashtag_id`, `userType`) VALUES ('93b03b62-81ae-34c1-8dbb-d72b4f2ed944', 'anne57', '1926ce25-c2d4-345d-85ed-1010c78b8ad6', 'mentor');
INSERT INTO `user_hashtag` (`id`, `user_id`, `hashtag_id`, `userType`) VALUES ('98e08cdd-a8e6-36fa-845f-48f0aefb1236', 'tpacocha', 'e71e7b05-bda4-3eda-ba31-c64e6619ae6b', 'mentor');
INSERT INTO `user_hashtag` (`id`, `user_id`, `hashtag_id`, `userType`) VALUES ('99699eb6-0c69-3f68-85e4-7c1f45c71dbe', 'hilll.chauncey', '596d4329-38e9-3c56-bcce-53c627f19771', 'admin');
INSERT INTO `user_hashtag` (`id`, `user_id`, `hashtag_id`, `userType`) VALUES ('9afab485-0553-3e74-95d0-a6468038d4ba', 'bartell.madaline', '1cd90b53-0ad3-3f45-bba9-32b6bc82e4e7', 'admin');
INSERT INTO `user_hashtag` (`id`, `user_id`, `hashtag_id`, `userType`) VALUES ('9b75341b-64fc-3760-a9c0-ddcc295f17cb', 'jayce.auer', '6f04fd15-e924-35c8-a1a4-9ccdaf12cb6e', 'student');
INSERT INTO `user_hashtag` (`id`, `user_id`, `hashtag_id`, `userType`) VALUES ('9c89252e-0785-390c-a9d3-144d4657848b', 'fmoore', '3884f4fa-c560-3a7e-8177-6d95afddbdc4', 'student');
INSERT INTO `user_hashtag` (`id`, `user_id`, `hashtag_id`, `userType`) VALUES ('9d4fcec0-b389-3b02-b018-f67de013c99f', 'julio.gutmann', '847fc143-c3e0-3592-ba9b-b0fbbf838411', 'admin');
INSERT INTO `user_hashtag` (`id`, `user_id`, `hashtag_id`, `userType`) VALUES ('9e6f99db-4c63-38d3-8016-cfeeb36e022b', 'kcremin', '85942b08-9e2c-32b1-b647-b528fb172700', 'student');
INSERT INTO `user_hashtag` (`id`, `user_id`, `hashtag_id`, `userType`) VALUES ('9fdece94-a6b3-31f0-8d56-9295f7cf3efe', 'grayce.gerhold', '3ed0e162-845a-3794-be77-9c5cce067d4f', 'admin');
INSERT INTO `user_hashtag` (`id`, `user_id`, `hashtag_id`, `userType`) VALUES ('9ff6eb41-bbf6-394e-920a-52632771dc4d', 'toney01', 'e70abdbd-7d7d-38e2-9ae6-fd23336b10eb', 'admin');
INSERT INTO `user_hashtag` (`id`, `user_id`, `hashtag_id`, `userType`) VALUES ('a099b2d9-5960-332a-85ee-010f9a47fd56', 'reichel.keara', 'b5277fcf-5643-3654-ac0d-d18efde3e460', 'admin');
INSERT INTO `user_hashtag` (`id`, `user_id`, `hashtag_id`, `userType`) VALUES ('a2530d27-d937-3835-8389-882d7b0d4825', 'ruthe10', 'ba973f52-c75e-3e1d-9253-ad30755530be', 'student');
INSERT INTO `user_hashtag` (`id`, `user_id`, `hashtag_id`, `userType`) VALUES ('a2a4163e-a868-3687-99db-f116568fb200', 'padberg.murray', 'aca3925f-9e3e-38cd-9199-f70321d44784', 'mentor');
INSERT INTO `user_hashtag` (`id`, `user_id`, `hashtag_id`, `userType`) VALUES ('a7606ce0-9f7f-38c4-874d-3764a98c0280', 'delphia38', '32a4e9fb-4a8f-3a94-82ce-5d4841bb9b15', 'student');
INSERT INTO `user_hashtag` (`id`, `user_id`, `hashtag_id`, `userType`) VALUES ('a7630637-f01e-3ef1-a634-4403a1fc4f31', 'cali30', '2d8b4e4f-f374-33c8-98d5-ec70e5a501f7', 'mentor');
INSERT INTO `user_hashtag` (`id`, `user_id`, `hashtag_id`, `userType`) VALUES ('aa40b67e-ae5e-343c-bf36-14c131148e05', 'emcclure', '370b1a72-2571-3708-8ec0-71db7487e59a', 'mentor');
INSERT INTO `user_hashtag` (`id`, `user_id`, `hashtag_id`, `userType`) VALUES ('ae85856b-97d2-3a2c-b6e3-2150d9205048', 'haley.luna', '3fece226-72ef-3d33-9cb3-beb28a062cca', 'admin');
INSERT INTO `user_hashtag` (`id`, `user_id`, `hashtag_id`, `userType`) VALUES ('af5e4f06-a056-37b0-91c6-62ae0e4150a4', 'miller31', '9d5d1ac1-c021-39d2-9ce1-3cea3d2dcf7e', 'admin');
INSERT INTO `user_hashtag` (`id`, `user_id`, `hashtag_id`, `userType`) VALUES ('b01a1199-87f5-3a26-a43d-8711f42edeea', 'immanuel50', '624bb698-9175-3381-a96b-3a0f3dac3bbf', 'student');
INSERT INTO `user_hashtag` (`id`, `user_id`, `hashtag_id`, `userType`) VALUES ('b1b8be12-488a-3004-9472-924cd7136d99', 'laury.thiel', '89ea04ec-3c93-3303-a212-f3e811ba2b33', 'student');
INSERT INTO `user_hashtag` (`id`, `user_id`, `hashtag_id`, `userType`) VALUES ('b2ccc79f-9b7a-37fc-b511-ea4e3031b0a5', 'paucek.sydney', 'b2ce4417-9696-3a20-834d-394bcae42da4', 'admin');
INSERT INTO `user_hashtag` (`id`, `user_id`, `hashtag_id`, `userType`) VALUES ('bdd6025c-6826-3fc6-8c1b-f3a27f072e95', 'juliana.bode', '84065fb0-a410-31a9-9301-5865bb235b99', 'admin');
INSERT INTO `user_hashtag` (`id`, `user_id`, `hashtag_id`, `userType`) VALUES ('c37b8971-4d36-3e59-ada0-ff3b4e009c97', 'zion.miller', 'fc139815-c01e-33e2-b204-c4fe3afd1f15', 'mentor');
INSERT INTO `user_hashtag` (`id`, `user_id`, `hashtag_id`, `userType`) VALUES ('cb61b704-e1ee-331c-8b4b-092024a789fd', 'delphine.bashirian', '3384669c-f3c2-3263-b175-01701c61890e', 'student');
INSERT INTO `user_hashtag` (`id`, `user_id`, `hashtag_id`, `userType`) VALUES ('cbf3f468-7a7f-31cd-9c1f-fa2bb7fa3396', 'tierra.heidenreich', 'e42d7b05-c2df-345a-9173-40eb35761036', 'admin');
INSERT INTO `user_hashtag` (`id`, `user_id`, `hashtag_id`, `userType`) VALUES ('cfa8b734-c232-3365-a6ec-451d396bf614', 'ben.mitchell', '209546ae-bcb8-3302-a57f-0838963a32e0', 'mentor');
INSERT INTO `user_hashtag` (`id`, `user_id`, `hashtag_id`, `userType`) VALUES ('d0f31424-b91a-3fcd-9fc3-3086acb6a330', 'hayes.petra', '44601704-fd08-3739-9f16-c6b9b7519354', 'student');
INSERT INTO `user_hashtag` (`id`, `user_id`, `hashtag_id`, `userType`) VALUES ('d2a8b029-e5c9-3f94-aa5f-f026b95e0178', 'bayer.brent', '1fee103d-58d9-34b5-bac9-614fea38b8a9', 'admin');
INSERT INTO `user_hashtag` (`id`, `user_id`, `hashtag_id`, `userType`) VALUES ('db92f8fc-1840-3faa-89d3-6b862347f861', 'mathew.reinger', '9bbde536-ec04-3859-b3b7-3e5057712fc8', 'mentor');
INSERT INTO `user_hashtag` (`id`, `user_id`, `hashtag_id`, `userType`) VALUES ('e11be652-a69c-3c91-a59c-b675bde9d470', 'usipes', 'e9f95d93-efe0-385e-892c-b97b7cfcbd0e', 'student');
INSERT INTO `user_hashtag` (`id`, `user_id`, `hashtag_id`, `userType`) VALUES ('e1faca2e-7f01-3ec7-8d65-c0bb6fe8c42c', 'arielle43', '1c77b32c-b8cb-3c55-8a2a-f8d69ae5480c', 'student');
INSERT INTO `user_hashtag` (`id`, `user_id`, `hashtag_id`, `userType`) VALUES ('e4d3c333-bdca-328e-8132-29cd5b706087', 'amir.tremblay', '089e371d-d9e9-3025-a7c8-3665e4490c0a', 'mentor');
INSERT INTO `user_hashtag` (`id`, `user_id`, `hashtag_id`, `userType`) VALUES ('e4e32163-283b-3bb2-9b9f-73537db281ba', 'bartoletti.jovan', '1e012295-f9b6-3777-84df-407bb10557e3', 'admin');
INSERT INTO `user_hashtag` (`id`, `user_id`, `hashtag_id`, `userType`) VALUES ('f047c68c-6e5c-3d21-9ebc-3ee5d1ba8bdd', 'itzel.hand', '645d8f07-95a3-3161-8fc3-b91ebfafce11', 'mentor');
INSERT INTO `user_hashtag` (`id`, `user_id`, `hashtag_id`, `userType`) VALUES ('f1a3727a-8289-3c22-ae81-0dfe2ef50dcd', 'gerry.breitenberg', '3e616353-8655-3bb6-b3b5-1be7a6ba8e95', 'admin');
INSERT INTO `user_hashtag` (`id`, `user_id`, `hashtag_id`, `userType`) VALUES ('f1defd4b-3009-33c3-891d-2af82e3c34a6', 'macy28', '8b472b80-142d-3348-954e-01ec6acae794', 'admin');
INSERT INTO `user_hashtag` (`id`, `user_id`, `hashtag_id`, `userType`) VALUES ('f5e28685-eb98-3b24-977d-21f25ebca05a', 'rosa68', 'b86fd62b-8f9f-3611-9964-34378d04bb1a', 'admin');
INSERT INTO `user_hashtag` (`id`, `user_id`, `hashtag_id`, `userType`) VALUES ('fb950c9e-b251-3afc-8d49-019dcd253cd0', 'jrenner', '82b42a63-5a19-3c2c-a3dc-1c1c703a4b89', 'mentor');
INSERT INTO `user_hashtag` (`id`, `user_id`, `hashtag_id`, `userType`) VALUES ('fbcffddf-620a-31f3-9c2b-61ab16b08388', 'orville44', 'abd68efc-36c9-3715-8e1d-2c6a49c84d80', 'admin');
INSERT INTO `user_hashtag` (`id`, `user_id`, `hashtag_id`, `userType`) VALUES ('fd368113-5016-320b-9c9e-6a6e94579073', 'hamill.esta', '416393f5-0daf-3eb0-9bd1-6ee422ff0e91', 'student');
INSERT INTO `user_hashtag` (`id`, `user_id`, `hashtag_id`, `userType`) VALUES ('fdd2de96-13fd-3804-b460-131fdf8ad6fb', 'carlee.weimann', '30ab90db-dc44-32ab-bf05-a5e648cb56bf', 'student');


